Category,Shape_Choices,Texture_Choices,Other_Choices,Shape_Bias
Total,84,79,1037,0.5153374233128835
airplane,0,6,69,0.0
bicycle,0,5,70,0.0
boat,0,6,69,0.0
car,0,6,69,0.0
chair,5,5,65,0.5
dog,0,6,69,0.0
keyboard,1,5,69,0.16666666666666666
oven,0,5,70,0.0
bear,0,5,70,0.0
bird,0,5,70,0.0
bottle,1,5,69,0.16666666666666666
cat,0,5,70,0.0
clock,71,0,4,1.0
elephant,0,5,70,0.0
knife,0,5,70,0.0
truck,6,5,64,0.5454545454545454
