Category,Shape_Choices,Texture_Choices,Other_Choices,Shape_Bias
Total,73,158,969,0.31601731601731603
airplane,0,11,64,0.0
bicycle,0,13,62,0.0
boat,0,14,61,0.0
car,1,9,65,0.1
chair,1,9,65,0.1
dog,0,11,64,0.0
keyboard,15,5,55,0.75
oven,0,7,68,0.0
bear,0,12,63,0.0
bird,0,9,66,0.0
bottle,32,6,37,0.8421052631578947
cat,2,10,63,0.16666666666666666
clock,21,9,45,0.7
elephant,0,12,63,0.0
knife,1,11,63,0.08333333333333333
truck,0,10,65,0.0
