Category,Shape_Choices,Texture_Choices,Other_Choices,Shape_Bias
Total,85,82,1033,0.5089820359281437
airplane,0,8,67,0.0
bicycle,0,5,70,0.0
boat,0,6,69,0.0
car,0,6,69,0.0
chair,6,6,63,0.5
dog,0,6,69,0.0
keyboard,2,4,69,0.3333333333333333
oven,0,5,70,0.0
bear,0,5,70,0.0
bird,2,5,68,0.2857142857142857
bottle,3,5,67,0.375
cat,0,6,69,0.0
clock,66,0,9,1.0
elephant,0,5,70,0.0
knife,0,5,70,0.0
truck,6,5,64,0.5454545454545454
