Category,Shape_Choices,Texture_Choices,Other_Choices,Shape_Bias
Total,89,156,955,0.363265306122449
airplane,0,7,68,0.0
bicycle,0,13,62,0.0
boat,0,9,66,0.0
car,0,11,64,0.0
chair,3,9,63,0.25
dog,0,11,64,0.0
keyboard,5,10,60,0.3333333333333333
oven,1,9,65,0.1
bear,0,9,66,0.0
bird,0,15,60,0.0
bottle,0,8,67,0.0
cat,5,7,63,0.4166666666666667
clock,64,5,6,0.927536231884058
elephant,11,9,55,0.55
knife,0,13,62,0.0
truck,0,11,64,0.0
