Category,Shape_Choices,Texture_Choices,Other_Choices,Shape_Bias
Total,76,112,1012,0.40425531914893614
airplane,0,8,67,0.0
bicycle,0,9,66,0.0
boat,0,7,68,0.0
car,0,8,67,0.0
chair,0,7,68,0.0
dog,0,8,67,0.0
keyboard,1,8,66,0.1111111111111111
oven,3,7,65,0.3
bear,0,6,69,0.0
bird,0,9,66,0.0
bottle,1,6,68,0.14285714285714285
cat,3,5,67,0.375
clock,66,1,8,0.9850746268656716
elephant,2,8,65,0.2
knife,0,8,67,0.0
truck,0,7,68,0.0
