Category,Shape_Choices,Texture_Choices,Other_Choices,Shape_Bias
Total,65,128,1007,0.33678756476683935
airplane,0,9,66,0.0
bicycle,0,10,65,0.0
boat,0,9,66,0.0
car,0,6,69,0.0
chair,0,9,66,0.0
dog,0,9,66,0.0
keyboard,8,7,60,0.5333333333333333
oven,0,4,71,0.0
bear,0,8,67,0.0
bird,0,10,65,0.0
bottle,26,5,44,0.8387096774193549
cat,0,9,66,0.0
clock,31,3,41,0.9117647058823529
elephant,0,9,66,0.0
knife,0,11,64,0.0
truck,0,10,65,0.0
