Category,Shape_Choices,Texture_Choices,Other_Choices,Shape_Bias
Total,112,114,974,0.49557522123893805
airplane,1,4,70,0.2
bicycle,0,8,67,0.0
boat,0,5,70,0.0
car,5,7,63,0.4166666666666667
chair,3,12,60,0.2
dog,0,9,66,0.0
keyboard,1,7,67,0.125
oven,0,9,66,0.0
bear,0,7,68,0.0
bird,10,11,54,0.47619047619047616
bottle,26,4,45,0.8666666666666667
cat,0,7,68,0.0
clock,63,0,12,1.0
elephant,3,6,66,0.3333333333333333
knife,0,12,63,0.0
truck,0,6,69,0.0
