Category,Shape_Choices,Texture_Choices,Other_Choices,Shape_Bias
Total,84,138,978,0.3783783783783784
airplane,0,9,66,0.0
bicycle,0,11,64,0.0
boat,0,8,67,0.0
car,0,10,65,0.0
chair,0,11,64,0.0
dog,0,9,66,0.0
keyboard,0,9,66,0.0
oven,1,10,64,0.09090909090909091
bear,0,9,66,0.0
bird,0,9,66,0.0
bottle,34,7,34,0.8292682926829268
cat,0,9,66,0.0
clock,46,5,24,0.9019607843137255
elephant,0,8,67,0.0
knife,3,5,67,0.375
truck,0,9,66,0.0
