Category,Shape_Choices,Texture_Choices,Other_Choices,Shape_Bias
Total,94,76,1030,0.5529411764705883
airplane,1,5,69,0.16666666666666666
bicycle,0,6,69,0.0
boat,0,4,71,0.0
car,1,5,69,0.16666666666666666
chair,2,6,67,0.25
dog,0,5,70,0.0
keyboard,0,5,70,0.0
oven,0,5,70,0.0
bear,0,5,70,0.0
bird,8,5,62,0.6153846153846154
bottle,17,5,53,0.7727272727272727
cat,0,6,69,0.0
clock,64,0,11,1.0
elephant,1,4,70,0.2
knife,0,5,70,0.0
truck,0,5,70,0.0
