Category,Shape_Choices,Texture_Choices,Other_Choices,Shape_Bias
Total,81,128,991,0.3875598086124402
airplane,0,9,66,0.0
bicycle,0,11,64,0.0
boat,0,8,67,0.0
car,0,8,67,0.0
chair,0,8,67,0.0
dog,0,9,66,0.0
keyboard,1,8,66,0.1111111111111111
oven,3,9,63,0.25
bear,0,6,69,0.0
bird,0,11,64,0.0
bottle,0,7,68,0.0
cat,6,5,64,0.5454545454545454
clock,67,1,7,0.9852941176470589
elephant,4,9,62,0.3076923076923077
knife,0,10,65,0.0
truck,0,9,66,0.0
