Category,Shape_Choices,Texture_Choices,Other_Choices,Shape_Bias
Total,156,104,940,0.6
airplane,0,9,66,0.0
bicycle,2,6,67,0.25
boat,0,7,68,0.0
car,0,6,69,0.0
chair,0,8,67,0.0
dog,5,4,66,0.5555555555555556
keyboard,16,4,55,0.8
oven,2,11,62,0.15384615384615385
bear,5,9,61,0.35714285714285715
bird,2,7,66,0.2222222222222222
bottle,44,4,27,0.9166666666666666
cat,8,7,60,0.5333333333333333
clock,35,5,35,0.875
elephant,0,9,66,0.0
knife,36,5,34,0.8780487804878049
truck,1,3,71,0.25
