Category,Shape_Choices,Texture_Choices,Other_Choices,Shape_Bias
Total,73,100,1027,0.42196531791907516
airplane,0,9,66,0.0
bicycle,0,8,67,0.0
boat,0,5,70,0.0
car,0,6,69,0.0
chair,0,6,69,0.0
dog,0,5,70,0.0
keyboard,0,6,69,0.0
oven,1,7,67,0.125
bear,0,6,69,0.0
bird,0,8,67,0.0
bottle,44,3,28,0.9361702127659575
cat,0,7,68,0.0
clock,27,6,42,0.8181818181818182
elephant,0,5,70,0.0
knife,1,8,66,0.1111111111111111
truck,0,5,70,0.0
