Category,Shape_Choices,Texture_Choices,Other_Choices,Shape_Bias
Total,107,168,925,0.3890909090909091
airplane,0,9,66,0.0
bicycle,0,13,62,0.0
boat,0,12,63,0.0
car,1,15,59,0.0625
chair,7,9,59,0.4375
dog,0,12,63,0.0
keyboard,8,12,55,0.4
oven,2,12,61,0.14285714285714285
bear,0,9,66,0.0
bird,0,13,62,0.0
bottle,8,8,59,0.5
cat,10,8,57,0.5555555555555556
clock,58,5,12,0.9206349206349206
elephant,13,9,53,0.5909090909090909
knife,0,12,63,0.0
truck,0,10,65,0.0
